<?xml version="1.0" encoding="UTF-8"?>
<project-private xmlns="http://www.netbeans.org/ns/project-private/1">
    <editor-bookmarks xmlns="http://www.netbeans.org/ns/editor-bookmarks/2" lastBookmarkId="0"/>
    <open-files xmlns="http://www.netbeans.org/ns/projectui-open-files/2">
        <group>
            <file>file:/D:/Yeye%20Semester%202/PBO%20BESAR/tugas-master/tugas-master/src/connectJ/Koneksi.java</file>
            <file>file:/D:/Yeye%20Semester%202/PBO%20BESAR/tugas-master/tugas-master/src/clinicApp/beranda.java</file>
            <file>file:/D:/Yeye%20Semester%202/PBO%20BESAR/tugas-master/tugas-master/src/clinicApp/checkup.java</file>
            <file>file:/D:/Yeye%20Semester%202/PBO%20BESAR/tugas-master/tugas-master/src/clinicApp/bankobat.java</file>
        </group>
    </open-files>
</project-private>
